<mockup version="1.0" skin="sketch" fontFace="Balsamiq Sans" measuredW="2035" measuredH="2021" mockupW="1319" mockupH="1630">
  <controls>
    <control controlID="0" controlTypeID="com.balsamiq.mockups::Canvas" x="716" y="1003" w="328" h="444" measuredW="100" measuredH="70" zOrder="0" locked="false" isInGroup="-1">
      <controlProperties>
        <borderColor>545684</borderColor>
        <color>545684</color>
      </controlProperties>
    </control>
    <control controlID="1" controlTypeID="com.balsamiq.mockups::Button" x="836" y="1143" w="60" h="31" measuredW="54" measuredH="27" zOrder="1" locked="false" isInGroup="-1">
      <controlProperties>
        <text>Login</text>
      </controlProperties>
    </control>
    <control controlID="2" controlTypeID="__group__" x="836" y="1071" w="98" h="26" measuredW="98" measuredH="26" zOrder="2" locked="false" isInGroup="-1">
      <groupChildrenDescriptors>
        <control controlID="0" controlTypeID="com.balsamiq.mockups::TextInput" x="0" y="0" w="98" h="-1" measuredW="79" measuredH="26" zOrder="0" locked="false" isInGroup="2">
          <controlProperties>
            <text/>
          </controlProperties>
        </control>
      </groupChildrenDescriptors>
    </control>
    <control controlID="3" controlTypeID="com.balsamiq.mockups::Label" x="765" y="1074" w="64" h="-1" measuredW="64" measuredH="21" zOrder="3" locked="false" isInGroup="-1">
      <controlProperties>
        <text>Username%3A</text>
      </controlProperties>
    </control>
    <control controlID="4" controlTypeID="__group__" x="836" y="1104" w="98" h="26" measuredW="98" measuredH="26" zOrder="4" locked="false" isInGroup="-1">
      <groupChildrenDescriptors>
        <control controlID="0" controlTypeID="com.balsamiq.mockups::TextInput" x="0" y="0" w="98" h="-1" measuredW="79" measuredH="26" zOrder="0" locked="false" isInGroup="4">
          <controlProperties>
            <text/>
          </controlProperties>
        </control>
      </groupChildrenDescriptors>
    </control>
    <control controlID="5" controlTypeID="com.balsamiq.mockups::Label" x="770" y="1107" w="59" h="-1" measuredW="59" measuredH="21" zOrder="5" locked="false" isInGroup="-1">
      <controlProperties>
        <text>Password%3A</text>
      </controlProperties>
    </control>
    <control controlID="6" controlTypeID="com.balsamiq.mockups::Button" x="836" y="1189" w="119" h="31" measuredW="114" measuredH="27" zOrder="6" locked="false" isInGroup="-1">
      <controlProperties>
        <text>Create%20account</text>
      </controlProperties>
    </control>
    <control controlID="7" controlTypeID="com.balsamiq.mockups::Label" x="779" y="1261" w="-1" h="-1" measuredW="203" measuredH="24" zOrder="7" locked="false" isInGroup="-1">
      <controlProperties>
        <size>16</size>
        <text>Welcome%20to%20the%20Donate%20App</text>
      </controlProperties>
    </control>
    <control controlID="8" controlTypeID="com.balsamiq.mockups::Canvas" x="716" y="1575" w="328" h="444" measuredW="100" measuredH="70" zOrder="8" locked="false" isInGroup="-1">
      <controlProperties>
        <borderColor>545684</borderColor>
        <color>545684</color>
      </controlProperties>
    </control>
    <control controlID="9" controlTypeID="com.balsamiq.mockups::Arrow" x="884" y="1458" w="10" h="107" measuredW="150" measuredH="100" zOrder="9" locked="false" isInGroup="-1">
      <controlProperties>
        <text/>
      </controlProperties>
    </control>
    <control controlID="10" controlTypeID="__group__" x="867" y="1635" w="98" h="26" measuredW="98" measuredH="26" zOrder="10" locked="false" isInGroup="-1">
      <groupChildrenDescriptors>
        <control controlID="0" controlTypeID="com.balsamiq.mockups::TextInput" x="0" y="0" w="98" h="-1" measuredW="79" measuredH="26" zOrder="0" locked="false" isInGroup="10">
          <controlProperties>
            <text/>
          </controlProperties>
        </control>
      </groupChildrenDescriptors>
    </control>
    <control controlID="11" controlTypeID="__group__" x="867" y="1683" w="98" h="26" measuredW="98" measuredH="26" zOrder="11" locked="false" isInGroup="-1">
      <groupChildrenDescriptors>
        <control controlID="0" controlTypeID="com.balsamiq.mockups::TextInput" x="0" y="0" w="98" h="-1" measuredW="79" measuredH="26" zOrder="0" locked="false" isInGroup="11">
          <controlProperties>
            <text/>
          </controlProperties>
        </control>
      </groupChildrenDescriptors>
    </control>
    <control controlID="12" controlTypeID="__group__" x="867" y="1732" w="98" h="26" measuredW="98" measuredH="26" zOrder="12" locked="false" isInGroup="-1">
      <groupChildrenDescriptors>
        <control controlID="0" controlTypeID="com.balsamiq.mockups::TextInput" x="0" y="0" w="98" h="-1" measuredW="79" measuredH="26" zOrder="0" locked="false" isInGroup="12">
          <controlProperties>
            <text/>
          </controlProperties>
        </control>
      </groupChildrenDescriptors>
    </control>
    <control controlID="13" controlTypeID="com.balsamiq.mockups::Label" x="798" y="1638" w="64" h="-1" measuredW="64" measuredH="21" zOrder="13" locked="false" isInGroup="-1">
      <controlProperties>
        <text>Username%3A</text>
      </controlProperties>
    </control>
    <control controlID="14" controlTypeID="com.balsamiq.mockups::Label" x="802" y="1686" w="64" h="-1" measuredW="59" measuredH="21" zOrder="14" locked="false" isInGroup="-1">
      <controlProperties>
        <text>Password%3A</text>
      </controlProperties>
    </control>
    <control controlID="15" controlTypeID="com.balsamiq.mockups::Label" x="746" y="1735" w="128" h="-1" measuredW="116" measuredH="21" zOrder="15" locked="false" isInGroup="-1">
      <controlProperties>
        <text>Organization%20Name%3A</text>
      </controlProperties>
    </control>
    <control controlID="16" controlTypeID="com.balsamiq.mockups::ComboBox" x="884" y="1787" w="-1" h="-1" measuredW="73" measuredH="24" zOrder="16" locked="false" isInGroup="-1">
      <controlProperties>
        <text>Charity</text>
      </controlProperties>
    </control>
    <control controlID="17" controlTypeID="com.balsamiq.mockups::Label" x="753" y="1791" w="128" h="-1" measuredW="111" measuredH="21" zOrder="17" locked="false" isInGroup="-1">
      <controlProperties>
        <text>Organization%20Type%3A</text>
      </controlProperties>
    </control>
    <control controlID="18" controlTypeID="com.balsamiq.mockups::Arrow" x="1059" y="1211" w="132" h="10" measuredW="150" measuredH="100" zOrder="18" locked="false" isInGroup="-1">
      <controlProperties>
        <text/>
      </controlProperties>
    </control>
    <control controlID="19" controlTypeID="com.balsamiq.mockups::Canvas" x="1707" y="1003" w="328" h="444" measuredW="100" measuredH="70" zOrder="19" locked="false" isInGroup="-1">
      <controlProperties>
        <borderColor>545684</borderColor>
        <color>545684</color>
      </controlProperties>
    </control>
    <control controlID="20" controlTypeID="com.balsamiq.mockups::Canvas" x="1209" y="391" w="328" h="444" measuredW="100" measuredH="70" zOrder="20" locked="false" isInGroup="-1">
      <controlProperties>
        <borderColor>545684</borderColor>
        <color>545684</color>
      </controlProperties>
    </control>
    <control controlID="21" controlTypeID="com.balsamiq.mockups::TextArea" x="1261" y="599" w="224" h="63" measuredW="200" measuredH="140" zOrder="21" locked="false" isInGroup="-1">
      <controlProperties>
        <text>Description%3A%20What%20is%20your%20donation%20for%3F</text>
      </controlProperties>
    </control>
    <control controlID="22" controlTypeID="com.balsamiq.mockups::Label" x="1308" y="500" w="64" h="-1" measuredW="32" measuredH="21" zOrder="22" locked="false" isInGroup="-1">
      <controlProperties>
        <text>Type%3A</text>
      </controlProperties>
    </control>
    <control controlID="23" controlTypeID="__group__" x="1343" y="531" w="98" h="26" measuredW="98" measuredH="26" zOrder="23" locked="false" isInGroup="-1">
      <groupChildrenDescriptors>
        <control controlID="0" controlTypeID="com.balsamiq.mockups::TextInput" x="0" y="0" w="98" h="-1" measuredW="79" measuredH="26" zOrder="0" locked="false" isInGroup="23">
          <controlProperties>
            <text/>
          </controlProperties>
        </control>
      </groupChildrenDescriptors>
    </control>
    <control controlID="24" controlTypeID="__group__" x="1343" y="567" w="98" h="26" measuredW="98" measuredH="26" zOrder="24" locked="false" isInGroup="-1">
      <groupChildrenDescriptors>
        <control controlID="0" controlTypeID="com.balsamiq.mockups::TextInput" x="0" y="0" w="98" h="-1" measuredW="79" measuredH="26" zOrder="0" locked="false" isInGroup="24">
          <controlProperties>
            <text/>
          </controlProperties>
        </control>
      </groupChildrenDescriptors>
    </control>
    <control controlID="25" controlTypeID="com.balsamiq.mockups::Label" x="1286" y="534" w="61" h="-1" measuredW="53" measuredH="21" zOrder="25" locked="false" isInGroup="-1">
      <controlProperties>
        <text>Request%3A</text>
      </controlProperties>
    </control>
    <control controlID="26" controlTypeID="com.balsamiq.mockups::Label" x="1282" y="569" w="128" h="-1" measuredW="58" measuredH="21" zOrder="26" locked="false" isInGroup="-1">
      <controlProperties>
        <text>Category%3A</text>
      </controlProperties>
    </control>
    <control controlID="27" controlTypeID="com.balsamiq.mockups::Image" x="1235" y="727" w="125" h="70" measuredW="77" measuredH="79" zOrder="27" locked="false" isInGroup="-1">
      <controlProperties>
        <text>Related%20Picture</text>
      </controlProperties>
    </control>
    <control controlID="28" controlTypeID="com.balsamiq.mockups::Button" x="1287" y="1407" w="-1" h="-1" measuredW="169" measuredH="27" zOrder="65" locked="false" isInGroup="-1">
      <controlProperties>
        <text>Random%20Act%20of%20Kindness</text>
      </controlProperties>
    </control>
    <control controlID="29" controlTypeID="com.balsamiq.mockups::Canvas" x="1209" y="1577" w="328" h="444" measuredW="100" measuredH="70" zOrder="28" locked="false" isInGroup="-1">
      <controlProperties>
        <borderColor>545684</borderColor>
        <color>545684</color>
      </controlProperties>
    </control>
    <control controlID="30" controlTypeID="com.balsamiq.mockups::Button" x="1342" y="800" w="-1" h="-1" measuredW="64" measuredH="27" zOrder="29" locked="false" isInGroup="-1">
      <controlProperties>
        <text>Submit</text>
      </controlProperties>
    </control>
    <control controlID="31" controlTypeID="com.balsamiq.mockups::Button" x="816" y="1824" w="-1" h="-1" measuredW="64" measuredH="27" zOrder="30" locked="false" isInGroup="-1">
      <controlProperties>
        <text>Submit</text>
      </controlProperties>
    </control>
    <control controlID="32" controlTypeID="__group__" x="1431" y="1653" w="98" h="26" measuredW="98" measuredH="26" zOrder="31" locked="false" isInGroup="-1">
      <groupChildrenDescriptors>
        <control controlID="0" controlTypeID="com.balsamiq.mockups::TextInput" x="0" y="0" w="98" h="-1" measuredW="79" measuredH="26" zOrder="0" locked="false" isInGroup="32">
          <controlProperties>
            <text/>
          </controlProperties>
        </control>
      </groupChildrenDescriptors>
    </control>
    <control controlID="33" controlTypeID="com.balsamiq.mockups::Label" x="1228" y="1658" w="210" h="-1" measuredW="198" measuredH="21" zOrder="32" locked="false" isInGroup="-1">
      <controlProperties>
        <text>Random%20Act%20of%20Kindness%20Amount%3A</text>
      </controlProperties>
    </control>
    <control controlID="34" controlTypeID="com.balsamiq.mockups::Button" x="969" y="1012" w="60" h="31" measuredW="45" measuredH="27" zOrder="33" locked="false" isInGroup="-1">
      <controlProperties>
        <text>Exit</text>
      </controlProperties>
    </control>
    <control controlID="35" controlTypeID="com.balsamiq.mockups::Button" x="1962" y="1011" w="67" h="31" measuredW="63" measuredH="27" zOrder="34" locked="false" isInGroup="-1">
      <controlProperties>
        <text>Logout</text>
      </controlProperties>
    </control>
    <control controlID="36" controlTypeID="com.balsamiq.mockups::Button" x="1466" y="1585" w="67" h="31" measuredW="63" measuredH="27" zOrder="35" locked="false" isInGroup="-1">
      <controlProperties>
        <text>Logout</text>
      </controlProperties>
    </control>
    <control controlID="37" controlTypeID="com.balsamiq.mockups::Button" x="1468" y="397" w="67" h="31" measuredW="63" measuredH="27" zOrder="36" locked="false" isInGroup="-1">
      <controlProperties>
        <text>Logout</text>
      </controlProperties>
    </control>
    <control controlID="38" controlTypeID="com.balsamiq.mockups::ButtonBar" x="1267" y="434" w="226" h="27" measuredW="142" measuredH="27" zOrder="37" locked="false" isInGroup="-1">
      <controlProperties>
        <selectedIndex>1</selectedIndex>
        <text>Browse%2C%20Request</text>
      </controlProperties>
    </control>
    <control controlID="39" controlTypeID="com.balsamiq.mockups::Button" x="1341" y="1729" w="81" h="63" measuredW="74" measuredH="27" zOrder="38" locked="false" isInGroup="-1">
      <controlProperties>
        <size>16</size>
        <text>Donate</text>
      </controlProperties>
    </control>
    <control controlID="40" controlTypeID="com.balsamiq.mockups::Arrow" x="1372" y="1458" w="10" h="107" measuredW="150" measuredH="100" zOrder="39" locked="false" isInGroup="-1">
      <controlProperties>
        <text/>
      </controlProperties>
    </control>
    <control controlID="41" controlTypeID="com.balsamiq.mockups::Image" x="785" y="1289" w="186" h="126" measuredW="77" measuredH="79" zOrder="40" locked="false" isInGroup="-1">
      <controlProperties>
        <text>Related%20Picture</text>
      </controlProperties>
    </control>
    <control controlID="42" controlTypeID="com.balsamiq.mockups::Button" x="720" y="1583" w="60" h="31" measuredW="51" measuredH="27" zOrder="41" locked="false" isInGroup="-1">
      <controlProperties>
        <text>Back</text>
      </controlProperties>
    </control>
    <control controlID="43" controlTypeID="com.balsamiq.mockups::Button" x="1217" y="1584" w="60" h="31" measuredW="51" measuredH="27" zOrder="42" locked="false" isInGroup="-1">
      <controlProperties>
        <text>Back</text>
      </controlProperties>
    </control>
    <control controlID="44" controlTypeID="com.balsamiq.mockups::Canvas" x="1209" y="1003" w="328" h="444" measuredW="100" measuredH="70" zOrder="43" locked="false" isInGroup="-1">
      <controlProperties>
        <borderColor>545684</borderColor>
        <color>545684</color>
      </controlProperties>
    </control>
    <control controlID="45" controlTypeID="com.balsamiq.mockups::ButtonBar" x="1257" y="1045" w="226" h="27" measuredW="142" measuredH="27" zOrder="44" locked="false" isInGroup="-1">
      <controlProperties>
        <selectedIndex>0</selectedIndex>
        <text>Browse%2C%20Request</text>
      </controlProperties>
    </control>
    <control controlID="46" controlTypeID="com.balsamiq.mockups::ComboBox" x="1374" y="1079" w="-1" h="-1" measuredW="104" measuredH="24" zOrder="45" locked="false" isInGroup="-1">
      <controlProperties>
        <text>Distance%3A%20MI</text>
      </controlProperties>
    </control>
    <control controlID="47" controlTypeID="com.balsamiq.mockups::ComboBox" x="1257" y="1081" w="-1" h="-1" measuredW="81" measuredH="24" zOrder="46" locked="false" isInGroup="-1">
      <controlProperties>
        <text>Filter%3A%20All</text>
      </controlProperties>
    </control>
    <control controlID="48" controlTypeID="com.balsamiq.mockups::Button" x="1463" y="1010" w="67" h="31" measuredW="63" measuredH="27" zOrder="47" locked="false" isInGroup="-1">
      <controlProperties>
        <text>Logout</text>
      </controlProperties>
    </control>
    <control controlID="49" controlTypeID="com.balsamiq.mockups::Button" x="1714" y="1012" w="60" h="31" measuredW="51" measuredH="27" zOrder="48" locked="false" isInGroup="-1">
      <controlProperties>
        <text>Back</text>
      </controlProperties>
    </control>
    <control controlID="50" controlTypeID="com.balsamiq.mockups::TextArea" x="1257" y="1128" w="224" h="260" measuredW="200" measuredH="140" zOrder="49" locked="false" isInGroup="-1">
      <controlProperties>
        <text>Cancer%20Reaserch%20Institute%0A%20%20Distance%3A%205mi%0A%20%20Type%3A%20Cancer%20Research%0A%20%20Request%3A%20Money%0A%20%20Description%3A%20Money%20to%20help%20research%20a%20cure%20for%20cancer%0A%20%0AGoodwill%20Store%0A%20%20Distance%3A%207mi%0A%20%20Type%3A%20Goodwill%0A%20%20Request%3A%20Clothes%0A%20%20Description%3A%20Clothes%20for%20people%0A%20%0ASalvation%20Army%0A%20%20Distance%3A%203mi%0A%20%20Type%3A%20Goodwill%0A%20%20Request%3A%20Service%0A%20%20Description%3A%20Help%20with%20setting%20up%20for%20Christmas%0A%20</text>
      </controlProperties>
    </control>
    <control controlID="51" controlTypeID="com.balsamiq.mockups::ComboBox" x="1343" y="500" w="130" h="-1" measuredW="130" measuredH="109" zOrder="50" locked="false" isInGroup="-1">
      <controlProperties>
        <text>Cancer%20reaserch%0ACommunity%20Service%0AFinancial%0AGoods%0AGoodwill%0AService</text>
      </controlProperties>
    </control>
    <control controlID="52" controlTypeID="com.balsamiq.mockups::Label" x="1259" y="468" w="88" h="-1" measuredW="81" measuredH="21" zOrder="51" locked="false" isInGroup="-1">
      <controlProperties>
        <text>Name%20of%20Org.%3A</text>
      </controlProperties>
    </control>
    <control controlID="53" controlTypeID="__group__" x="1343" y="466" w="98" h="26" measuredW="98" measuredH="26" zOrder="52" locked="false" isInGroup="-1">
      <groupChildrenDescriptors>
        <control controlID="0" controlTypeID="com.balsamiq.mockups::TextInput" x="0" y="0" w="98" h="-1" measuredW="79" measuredH="26" zOrder="0" locked="false" isInGroup="53">
          <controlProperties>
            <text/>
          </controlProperties>
        </control>
      </groupChildrenDescriptors>
    </control>
    <control controlID="54" controlTypeID="com.balsamiq.mockups::TextArea" x="1261" y="662" w="224" h="63" measuredW="200" measuredH="140" zOrder="53" locked="false" isInGroup="-1">
      <controlProperties>
        <text>Description%3A%20A%20little%20About%20the%20organization%3F</text>
      </controlProperties>
    </control>
    <control controlID="55" controlTypeID="com.balsamiq.mockups::Arrow" x="1551" y="1211" w="132" h="10" measuredW="150" measuredH="100" zOrder="54" locked="false" isInGroup="-1">
      <controlProperties>
        <text/>
      </controlProperties>
    </control>
    <control controlID="56" controlTypeID="com.balsamiq.mockups::TextArea" x="1756" y="1235" w="224" h="63" measuredW="200" measuredH="140" zOrder="55" locked="false" isInGroup="-1">
      <controlProperties>
        <text>Description%3A%20What%20is%20your%20donation%20for</text>
      </controlProperties>
    </control>
    <control controlID="57" controlTypeID="com.balsamiq.mockups::TextArea" x="1756" y="1114" w="224" h="113" measuredW="200" measuredH="140" zOrder="56" locked="false" isInGroup="-1">
      <controlProperties>
        <text>Description%3A%20A%20little%20About%20the%20organization</text>
      </controlProperties>
    </control>
    <control controlID="58" controlTypeID="com.balsamiq.mockups::Label" x="1767" y="1084" w="208" h="-1" measuredW="193" measuredH="28" zOrder="57" locked="false" isInGroup="-1">
      <controlProperties>
        <size>20</size>
        <text>Name%20of%20organization</text>
      </controlProperties>
    </control>
    <control controlID="59" controlTypeID="com.balsamiq.mockups::Image" x="1800" y="1009" w="139" h="70" measuredW="77" measuredH="79" zOrder="58" locked="false" isInGroup="-1">
      <controlProperties>
        <text>Related%20Picture</text>
      </controlProperties>
    </control>
    <control controlID="60" controlTypeID="com.balsamiq.mockups::Button" x="1829" y="1307" w="-1" h="-1" measuredW="70" measuredH="27" zOrder="59" locked="false" isInGroup="-1">
      <controlProperties>
        <text>Website</text>
      </controlProperties>
    </control>
    <control controlID="61" controlTypeID="com.balsamiq.mockups::Label" x="1368" y="729" w="88" h="-1" measuredW="51" measuredH="21" zOrder="60" locked="false" isInGroup="-1">
      <controlProperties>
        <text>Website%3A</text>
      </controlProperties>
    </control>
    <control controlID="62" controlTypeID="__group__" x="1427" y="727" w="98" h="26" measuredW="98" measuredH="26" zOrder="61" locked="false" isInGroup="-1">
      <groupChildrenDescriptors>
        <control controlID="0" controlTypeID="com.balsamiq.mockups::TextInput" x="0" y="0" w="98" h="-1" measuredW="79" measuredH="26" zOrder="0" locked="false" isInGroup="62">
          <controlProperties>
            <text/>
          </controlProperties>
        </control>
      </groupChildrenDescriptors>
    </control>
    <control controlID="63" controlTypeID="com.balsamiq.mockups::Button" x="1819" y="1345" w="-1" h="-1" measuredW="93" measuredH="27" zOrder="62" locked="false" isInGroup="-1">
      <controlProperties>
        <text>How%20to%20Help</text>
      </controlProperties>
    </control>
    <control controlID="64" controlTypeID="com.balsamiq.mockups::Button" x="1217" y="397" w="60" h="31" measuredW="51" measuredH="27" zOrder="63" locked="false" isInGroup="-1">
      <controlProperties>
        <text>Back</text>
      </controlProperties>
    </control>
    <control controlID="65" controlTypeID="com.balsamiq.mockups::Arrow" x="1372" y="852" w="10" h="107" measuredW="150" measuredH="100" zOrder="64" locked="false" isInGroup="-1">
      <controlProperties>
        <text/>
      </controlProperties>
    </control>
  </controls>
</mockup>